code,title,category,durationMins,languages
AI-001,Introduction to Large Language Models,Artificial Intelligence,90,"English; Arabic; Brazilian Portuguese; Indonesian; Italian; Japanese; Spanish"
AI-002,Build Your First Chatbot Using IBM watsonx,Artificial Intelligence,60,"English; Arabic; Brazilian Portuguese; Indonesian; Italian; Japanese; Spanish"
AI-003,Prompt Engineering: Shaping Better AI Responses,Artificial Intelligence,240,"English; Arabic; Brazilian Portuguese; Spanish"
AI-004,Turn Ideas Into Prototypes With Vibe Coding,Artificial Intelligence,60,"English"
AI-005,Ethical Considerations for Using Generative AI,Artificial Intelligence,90,"English; Arabic; Brazilian Portuguese; French; Indonesian; Japanese; Spanish"
AI-006,Unleashing the Power of AI Agents,Artificial Intelligence,90,"English; Arabic; Brazilian Portuguese; Indonesian; Japanese; Spanish; Turkish"
AI-007,The Rise of Multiagent Systems,Artificial Intelligence,90,"English; Arabic; Brazilian Portuguese; Indonesian; Japanese; Spanish; Turkish"
AI-008,Vector Embeddings: AI’s Key to Meaning,Artificial Intelligence,90,"English; Arabic; Brazilian Portuguese; Indonesian; Spanish"
AI-009,Classifying Data Using IBM Granite,Artificial Intelligence,60,"English; Arabic; Brazilian Portuguese; Indonesian; Spanish"
AI-010,Introduction to Retrieval-Augmented Generation,Artificial Intelligence,90,"English; Arabic; Brazilian Portuguese; Indonesian; Italian; Japanese; Spanish; Turkish"
AI-011,Explore Text to Speech Using IBM watsonx,Artificial Intelligence,60,"English; Arabic; Brazilian Portuguese; Indonesian; Spanish"
AI-012,IBM Granite Models for Software Development,Artificial Intelligence,60,"English; Arabic; Brazilian Portuguese; Indonesian; Japanese; Spanish"
AI-013,Summarizing Data Using IBM Granite,Artificial Intelligence,60,"English; Arabic; Brazilian Portuguese; Indonesian; Spanish"
AI-014,Use Generative AI for Software Development Using IBM watsonx,Artificial Intelligence,60,"English; Arabic; Brazilian Portuguese; Indonesian; Japanese; Spanish"
AI-015,AI in Healthcare: Improving Care and Efficiency,Artificial Intelligence,90,"English; Arabic; Brazilian Portuguese; Indonesian; Japanese; Spanish"
AI-016,AI in Legal: From Research to Results,Artificial Intelligence,90,"English; Arabic; Brazilian Portuguese; Indonesian; Spanish"
AI-017,The Power of Personalized Finance with AI,Artificial Intelligence,60,"English"
AI-018,Transforming the Sports Fan Experience with AI,Artificial Intelligence,75,"English; Brazilian Portuguese; Spanish; Japanese"
AI-019,AI’s New Superpower: Multimodal Retrieval-Augmented Generation,Artificial Intelligence,90,"English; Arabic; Brazilian Portuguese; Spanish; Indonesian"
AI-020,Elevate Education with AI,Artificial Intelligence,75,"English"
AI-021,Risk Management and Fraud Detection using Generative AI,Artificial Intelligence,90,"English"
AI-022,Getting Started with Artificial Intelligence,Artificial Intelligence,180,"English"
AI-023,Getting Started with Generative AI,Artificial Intelligence,180,"English; Brazilian Portuguese; Spanish"
AI-024,Generative AI Essentials: Using LLMs to Work with Data,Artificial Intelligence,240,"English"
AI-025,AI Literacy,Artificial Intelligence,240,"English"
AI-026,Make Agentic AI Work for You,Artificial Intelligence,240,"English"
AI-027,Artificial Intelligence Fundamentals,Artificial Intelligence,600,"English; Arabic; Brazilian Portuguese; Spanish"
AI-028,Build Smarter AI with Embeddings,Artificial Intelligence,210,"English; Arabic; Brazilian Portuguese; Indonesian; Spanish"
AI-029,Retrieval-Augmented Generation for Enhanced AI Outputs,Artificial Intelligence,240,"English"
AI-030,Craft Precise Prompts for AI Models,Artificial Intelligence,75,"English"
AI-031,Building AI Solutions Using Advanced Algorithms and Open Source Frameworks,Artificial Intelligence,1200,"English"
AI-032,Building Trustworthy AI Enterprise Solutions,Artificial Intelligence,600,"English"
AI-033,Code Generation and Optimization Using IBM Granite,Artificial Intelligence,210,"English"
AI-034,Data Classification and Summarization Using IBM Granite,Artificial Intelligence,240,"English; Arabic; Brazilian Portuguese; Indonesian; Spanish"
AI-035,Intelligent by Design: Build an AI Agent,Artificial Intelligence,240,"English; Arabic; Brazilian Portuguese; Indonesian; Spanish"
AI-036,AI-Enabled Applications for Customer Service,Artificial Intelligence,480,"English"
AI-037,Generative AI in Action,Artificial Intelligence,300,"English"
AI-038,Artificial Intelligence Practitioner Pathway,Artificial Intelligence,600,"English"
AI-039,Create a chatbot with IBM watsonx Assistant (Lab),Artificial Intelligence Labs,30,"English"
AI-040,Energy Demand Forecasting with IBM Granite Time Series (Lab),Artificial Intelligence Labs,30,"English"
AI-041,Entity Extraction from Description Related to a Book Using IBM Granite (Lab),Artificial Intelligence Labs,30,"English"
AI-042,Explore machine learning and data science in IBM watsonx (Lab),Artificial Intelligence Labs,30,"English"
AI-043,Document Summarization with IBM Granite (Lab),Artificial Intelligence Labs,30,"English"
AI-044,Prompt a Foundation Model in IBM watsonx (Lab),Artificial Intelligence Labs,30,"English"
AI-045,Retrieval Augmented Generation with LangChain (Lab),Artificial Intelligence Labs,30,"English"
AI-046,Build an AI-Powered Document Retrieval System with IBM Granite and Docling (Lab),Artificial Intelligence Labs,30,"English"
AI-047,Build an AI-Powered Multimodal RAG System with IBM Granite and Docling (Lab),Artificial Intelligence Labs,30,"English"
AI-048,Craft Responsible Prompts (Lab),Artificial Intelligence Labs,30,"English"
AI-049,Implement RAG Using LlamaIndex Orchestration Framework (Lab),Artificial Intelligence Labs,30,"English"
AI-050,Implement a ReAct Design Pattern with IBM Granite (Lab),Artificial Intelligence Labs,30,"English"
AI-051,Use Inference Scaling to Improve Multimodal RAG (Lab),Artificial Intelligence Labs,30,"English"
CY-001,Getting Started with Cybersecurity,Cybersecurity,180,"English"
CY-002,Cybersecurity Fundamentals,Cybersecurity,450,"English; Arabic; Bahasa; Brazilian Portuguese; French; German; Japanese; Spanish"
CY-003,Level Up Cybersecurity with Generative AI,Cybersecurity,90,"English; Arabic; Brazilian Portuguese; Indonesian; Spanish"
CY-004,Enterprise Security in Practice,Cybersecurity,600,"English"
CY-005,Getting Started with Threat Intelligence and Hunting,Cybersecurity,300,"English"
CY-006,Security Operations Center in Practice,Cybersecurity,1200,"English; Spanish; Brazilian Portuguese"
CY-007,Cybersecurity Fluency Pathway,Cybersecurity,3240,"English"
DS-001,Getting Started with Data,Data Science,180,"English"
DS-002,Supercharge Your Data Analytics with Generative AI,Data Science,75,"English; Spanish; Brazilian Portuguese"
DS-003,Data Fundamentals,Data Science,420,"English; Arabic; French"
DS-004,Enterprise Data Science in Practice,Data Science,600,"English"
DS-005,Machine Learning for Data Science Projects,Data Science,1200,"English; Brazilian Portuguese; Spanish"
DS-006,Data Analytics Fluency Pathway,Data Science,3120,"English"
CL-001,Cloud Computing Fundamentals,Cloud,600,"English; Spanish"
CL-002,Journey to Cloud: Envisioning Your Solution,Cloud,300,"English"
CL-003,Journey to Cloud: Orchestrating Your Solution,Cloud,1200,"English"
CL-004,Journey to Cloud: Transforming Your Culture,Cloud,600,"English"